N_CTX,Triton [FP16],Triton [FP8]
1024.000000,74.684540,128.588634
2048.000000,86.128212,150.890908
4096.000000,92.456896,164.147764
8192.000000,95.783116,169.053600
16384.000000,97.211895,174.062517
