N_CTX,Triton [FP16],Triton [FP8]
1024.000000,95.804081,159.492466
2048.000000,101.898377,168.176353
4096.000000,103.869579,170.956182
8192.000000,101.704476,172.897331
16384.000000,99.928278,175.904293
