N_CTX,Triton [FP16],Triton [FP8]
1024.000000,74.411196,126.816171
2048.000000,85.903795,151.915545
4096.000000,92.364472,165.222885
8192.000000,95.690920,170.416502
16384.000000,97.475579,173.616018
