N_CTX,Triton [FP16],Triton [FP8]
1024.000000,49.163871,49.882781
2048.000000,63.364330,64.021766
4096.000000,75.112263,74.127486
8192.000000,77.278747,77.804911
16384.000000,80.901567,85.512042
