N_CTX,Triton [FP16],Triton [FP8]
1024.000000,94.834931,165.017570
2048.000000,101.941911,172.702707
4096.000000,103.223728,173.798998
8192.000000,98.780545,166.994152
16384.000000,105.648154,176.135136
