N_CTX,Triton [FP16],Triton [FP8]
1024.000000,49.362530,49.062219
2048.000000,61.031449,63.443693
4096.000000,74.829412,74.529485
8192.000000,82.086939,82.013000
16384.000000,75.881578,82.174556
