N_CTX,Triton [FP16],Triton [FP8]
1024.000000,96.252479,159.351007
2048.000000,101.567665,169.790449
4096.000000,103.289939,173.621655
8192.000000,103.062315,174.351761
16384.000000,104.473416,171.216553
