N_CTX,Triton [FP16],Triton [FP8]
1024.000000,49.417062,50.017511
2048.000000,63.689249,63.635247
4096.000000,74.009232,74.789539
8192.000000,81.994560,73.169656
16384.000000,81.085135,81.381258
