N_CTX,Triton [FP16],Triton [FP8]
1024.000000,50.084552,50.075806
2048.000000,63.461488,64.055412
4096.000000,75.145276,75.138150
8192.000000,82.265829,82.283993
16384.000000,85.525774,85.841662
