N_CTX,Triton [FP16],Triton [FP8]
1024.000000,94.910553,160.742178
2048.000000,100.597749,162.713068
4096.000000,97.335508,162.697341
8192.000000,99.808685,171.481574
16384.000000,104.003178,176.627687
