N_CTX,Triton [FP16],Triton [FP8]
1024.000000,49.944416,48.964002
2048.000000,63.793511,63.776287
4096.000000,74.541385,74.847042
8192.000000,80.358848,81.955406
16384.000000,85.835935,85.342230
