N_CTX,Triton [FP16],Triton [FP8]
1024.000000,90.085678,157.448285
2048.000000,100.574963,170.736820
4096.000000,101.717623,163.546709
8192.000000,100.231585,170.949501
16384.000000,105.424125,147.001704
