N_CTX,Triton [FP16],Triton [FP8]
1024.000000,49.564496,48.574603
2048.000000,63.758882,63.766029
4096.000000,74.920678,74.922587
8192.000000,82.007475,82.018830
16384.000000,84.702211,85.675215
