N_CTX,Triton [FP16],Triton [FP8]
1024.000000,60.703773,104.725617
2048.000000,76.272969,150.199190
4096.000000,92.345129,165.793584
8192.000000,95.360343,170.941987
16384.000000,97.152317,173.843599
