N_CTX,Triton [FP16],Triton [FP8]
1024.000000,62.366633,114.912438
2048.000000,84.388134,151.390487
4096.000000,92.478514,165.551725
8192.000000,95.840691,170.391486
16384.000000,91.428361,165.201639
