N_CTX,Triton [FP16],Triton [FP8]
1024.000000,89.077272,165.510485
2048.000000,102.268079,173.206379
4096.000000,104.265268,173.684973
8192.000000,104.840561,174.294589
16384.000000,105.496350,175.204664
