N_CTX,Triton [FP16],Triton [FP8]
1024.000000,65.108265,119.839121
2048.000000,83.347167,150.720467
4096.000000,91.704157,165.698502
8192.000000,95.021927,171.404097
16384.000000,96.180366,171.883988
