N_CTX,Triton [FP16],Triton [FP8]
1024.000000,72.817643,123.703999
2048.000000,85.366086,148.477444
4096.000000,90.776176,162.455886
8192.000000,94.447883,168.161009
16384.000000,96.149886,171.958398
